030612;APURIMAC;CHINCHEROS;AHUAYRO;-13,4924193;-73,8159968
050413;AYACUCHO;HUANTA;PUTIS;-12,7659215;-74,4047642
050512;AYACUCHO;LA MAR;UNION PROGRESO;-12,9280837;-73,6261887
050513;AYACUCHO;LA MAR;RIO MAGDALENA;-13,1638737;-74,2235641
050514;AYACUCHO;LA MAR;NINABAMBA;-13;-73,9
050515;AYACUCHO;LA MAR;PATIBAMBA;-13,0625131;-73,9442816
080915;CUSCO;LA CONVENCION;KUMPIRUSHIATO;-12,6366665;-73,2071179
080916;CUSCO;LA CONVENCION;CIELO PUNCO;-12,8044118;-73,6064697
080917;CUSCO;LA CONVENCION;MANITEA;-12,7921953;-73,6248565
080918;CUSCO;LA CONVENCION;UNION ASHÁNINKA;-12,3239704;-73,9425339
090724;HUANCAVELICA;TAYACAJA;LAMBRAS;-12,0664836;-74,6288604
090725;HUANCAVELICA;TAYACAJA;COCHABAMBA;-12,1920817;-74,519848
130112;LA LIBERTAD;TRUJILLO;ALTO TRUJILLO;-8,0622512;-79,0128517
160405;LORETO;MARISCAL RAMÓN CASTILLA;SANTA ROSA DE LORETO;-4,2288972;-69,9686342
180107;MOQUEGUA;MARISCAL NIETO;SAN ANTONIO;-17,15;-70,95
221006;SAN MARTIN;TOCACHE;SANTA LUCIA;-8,2;-76,5
250306;UCAYALI;PADRE ABAD;HUIPOCA;-8,9770579;-75,4494287
250307;UCAYALI;PADRE ABAD;BOQUERON;-9,059559;-75,6385027
